{
  "data": {
    "data_dir": "D:\\ML\\project\\FoodRecAI\\data\\data_for_sentiment_analysis",
    "train_size_full": 86015,
    "train_size_tuning": 8601,
    "valid_size": 10751,
    "sample_pct": 0.1,
    "random_state": 42
  },
  "best_params": {
    "max_features": 20000,
    "ngram_range": [
      1,
      2
    ],
    "min_df": 1,
    "max_df": 1.0,
    "sublinear_tf": true,
    "n_estimators": 160,
    "max_depth": null,
    "min_samples_leaf": 2,
    "min_samples_split": 2,
    "class_weight": "balanced",
    "bootstrap": true,
    "max_samples": null,
    "rf_max_features": "sqrt"
  },
  "best_validation_accuracy": 0.7151892847177007,
  "best_validation_macro_f1": 0.7134940462210598,
  "results": [
    {
      "params": {
        "max_features": 20000,
        "ngram_range": [
          1,
          2
        ],
        "min_df": 1,
        "max_df": 1.0,
        "sublinear_tf": true,
        "n_estimators": 120,
        "max_depth": 20,
        "min_samples_leaf": 2,
        "min_samples_split": 2,
        "class_weight": "balanced",
        "bootstrap": true,
        "max_samples": null,
        "rf_max_features": "sqrt"
      },
      "val_acc": 0.7097944377267231,
      "val_macro_f1": 0.7121785301798792,
      "classification_report": {
        "negative": {
          "precision": 0.8117117117117117,
          "recall": 0.6562272396212673,
          "f1-score": 0.7257349979863069,
          "support": 1373.0
        },
        "neutral": {
          "precision": 0.6724806201550387,
          "recall": 0.7932252701579385,
          "f1-score": 0.7278794813119756,
          "support": 4812.0
        },
        "positive": {
          "precision": 0.7346784363177806,
          "recall": 0.6379763469119579,
          "f1-score": 0.682921111241355,
          "support": 4566.0
        },
        "accuracy": 0.7097944377267231,
        "macro avg": {
          "precision": 0.7396235893948436,
          "recall": 0.6958096188970546,
          "f1-score": 0.7121785301798792,
          "support": 10751.0
        },
        "weighted avg": {
          "precision": 0.7166773941580517,
          "recall": 0.7097944377267231,
          "f1-score": 0.7085115812702495,
          "support": 10751.0
        }
      },
      "time": 5.8678998947143555
    },
    {
      "params": {
        "max_features": 20000,
        "ngram_range": [
          1,
          2
        ],
        "min_df": 1,
        "max_df": 1.0,
        "sublinear_tf": true,
        "n_estimators": 160,
        "max_depth": 60,
        "min_samples_leaf": 2,
        "min_samples_split": 2,
        "class_weight": "balanced",
        "bootstrap": true,
        "max_samples": null,
        "rf_max_features": "sqrt"
      },
      "val_acc": 0.7149102409078225,
      "val_macro_f1": 0.7132993489991777,
      "classification_report": {
        "negative": {
          "precision": 0.865424430641822,
          "recall": 0.6088856518572469,
          "f1-score": 0.7148353997434801,
          "support": 1373.0
        },
        "neutral": {
          "precision": 0.6695220147335961,
          "recall": 0.8121363258520365,
          "f1-score": 0.7339656305756409,
          "support": 4812.0
        },
        "positive": {
          "precision": 0.7451874366767984,
          "recall": 0.6443276390713972,
          "f1-score": 0.6910970166784121,
          "support": 4566.0
        },
        "accuracy": 0.7149102409078225,
        "macro avg": {
          "precision": 0.7600446273507387,
          "recall": 0.6884498722602269,
          "f1-score": 0.7132993489991777,
          "support": 10751.0
        },
        "weighted avg": {
          "precision": 0.7266759849349408,
          "recall": 0.7149102409078225,
          "f1-score": 0.713316026074915,
          "support": 10751.0
        }
      },
      "time": 9.328170776367188
    },
    {
      "params": {
        "max_features": 20000,
        "ngram_range": [
          1,
          2
        ],
        "min_df": 1,
        "max_df": 1.0,
        "sublinear_tf": true,
        "n_estimators": 160,
        "max_depth": null,
        "min_samples_leaf": 2,
        "min_samples_split": 2,
        "class_weight": "balanced",
        "bootstrap": true,
        "max_samples": null,
        "rf_max_features": "sqrt"
      },
      "val_acc": 0.7151892847177007,
      "val_macro_f1": 0.7134940462210598,
      "classification_report": {
        "negative": {
          "precision": 0.8605128205128205,
          "recall": 0.6110706482155863,
          "f1-score": 0.7146507666098807,
          "support": 1373.0
        },
        "neutral": {
          "precision": 0.6691780821917809,
          "recall": 0.8121363258520365,
          "f1-score": 0.7337589185129553,
          "support": 4812.0
        },
        "positive": {
          "precision": 0.7474593495934959,
          "recall": 0.6443276390713972,
          "f1-score": 0.6920724535403434,
          "support": 4566.0
        },
        "accuracy": 0.7151892847177007,
        "macro avg": {
          "precision": 0.7590500840993658,
          "recall": 0.6891782043796734,
          "f1-score": 0.7134940462210598,
          "support": 10751.0
        },
        "weighted avg": {
          "precision": 0.7268596804311092,
          "recall": 0.7151892847177007,
          "f1-score": 0.7136141978704228,
          "support": 10751.0
        }
      },
      "time": 9.610145807266235
    },
    {
      "params": {
        "max_features": 20000,
        "ngram_range": [
          1,
          2
        ],
        "min_df": 1,
        "max_df": 1.0,
        "sublinear_tf": true,
        "n_estimators": 160,
        "max_depth": null,
        "min_samples_leaf": 1,
        "min_samples_split": 2,
        "class_weight": "balanced_subsample",
        "bootstrap": true,
        "max_samples": null,
        "rf_max_features": "sqrt"
      },
      "val_acc": 0.7038415031159893,
      "val_macro_f1": 0.6832890422804402,
      "classification_report": {
        "negative": {
          "precision": 0.9254571026722925,
          "recall": 0.47924253459577565,
          "f1-score": 0.6314779270633397,
          "support": 1373.0
        },
        "neutral": {
          "precision": 0.6580569905015831,
          "recall": 0.8206566916043225,
          "f1-score": 0.7304170905391658,
          "support": 4812.0
        },
        "positive": {
          "precision": 0.7328546669967814,
          "recall": 0.648269820411739,
          "f1-score": 0.6879721092388147,
          "support": 4566.0
        },
        "accuracy": 0.7038415031159893,
        "macro avg": {
          "precision": 0.7721229200568857,
          "recall": 0.6493896822039457,
          "f1-score": 0.6832890422804402,
          "support": 10751.0
        },
        "weighted avg": {
          "precision": 0.7239733280411105,
          "recall": 0.7038415031159893,
          "f1-score": 0.6997550817893089,
          "support": 10751.0
        }
      },
      "time": 13.309964418411255
    },
    {
      "params": {
        "max_features": 30000,
        "ngram_range": [
          1,
          2
        ],
        "min_df": 1,
        "max_df": 0.95,
        "sublinear_tf": true,
        "n_estimators": 160,
        "max_depth": null,
        "min_samples_leaf": 1,
        "min_samples_split": 2,
        "class_weight": "balanced_subsample",
        "bootstrap": true,
        "max_samples": null,
        "rf_max_features": "sqrt"
      },
      "val_acc": 0.7061668681983071,
      "val_macro_f1": 0.686034454815871,
      "classification_report": {
        "negative": {
          "precision": 0.9336158192090396,
          "recall": 0.48142753095411506,
          "f1-score": 0.6352715040845748,
          "support": 1373.0
        },
        "neutral": {
          "precision": 0.6634696281339391,
          "recall": 0.8194098088113051,
          "f1-score": 0.7332403533240354,
          "support": 4812.0
        },