{
  "valid": {
    "accuracy": 0.745326016184541,
    "macro_f1": 0.7495513886728743,
    "weighted_f1": 0.7453576105515253,
    "classification_report": {
      "negative": {
        "precision": 0.8575317604355717,
        "recall": 0.6882738528769119,
        "f1-score": 0.7636363636363637,
        "support": 1373.0
      },
      "neutral": {
        "precision": 0.7126242731194897,
        "recall": 0.7894846217788861,
        "f1-score": 0.7490880410135069,
        "support": 4812.0
      },
      "positive": {
        "precision": 0.7570634553033811,
        "recall": 0.7159439334209373,
        "f1-score": 0.7359297613687528,
        "support": 4566.0
      },
      "accuracy": 0.745326016184541,
      "macro avg": {
        "precision": 0.7757398296194808,
        "recall": 0.7312341360255784,
        "f1-score": 0.7495513886728743,
        "support": 10751.0
      },
      "weighted avg": {
        "precision": 0.7500037992972061,
        "recall": 0.745326016184541,
        "f1-score": 0.7453576105515253,
        "support": 10751.0
      }
    },
    "confusion_matrix": [
      [
        945,
        269,
        159
      ],
      [
        123,
        3799,
        890
      ],
      [
        34,
        1263,
        3269
      ]
    ]
  },
  "test": {
    "accuracy": 0.7374244537424454,
    "macro_f1": 0.742534075789164,
    "weighted_f1": 0.7374528364664211,
    "classification_report": {
      "negative": {
        "precision": 0.85662100456621,
        "recall": 0.6821818181818182,
        "f1-score": 0.7595141700404858,
        "support": 1375.0
      },
      "neutral": {
        "precision": 0.6979051819184123,
        "recall": 0.7891128194473301,
        "f1-score": 0.7407118478790834,
        "support": 4813.0
      },
      "positive": {
        "precision": 0.7574679943100996,
        "recall": 0.6995839719728487,
        "f1-score": 0.7273762094479226,
        "support": 4567.0
      },
      "accuracy": 0.7374244537424454,
      "macro avg": {
        "precision": 0.7706647269315741,
        "recall": 0.7236262032006658,
        "f1-score": 0.742534075789164,
        "support": 10755.0
      },
      "weighted avg": {
        "precision": 0.7434893400154423,
        "recall": 0.7374244537424454,
        "f1-score": 0.7374528364664211,
        "support": 10755.0
      }
    },
    "confusion_matrix": [
      [
        938,
        305,
        132
      ],
      [
        124,
        3798,
        891
      ],
      [
        33,
        1339,
        3195
      ]
    ]
  }
}